No,Province,City,id_city,jne,jnt,ninja,wahana,pos
1,ACEH,KABUPATEN SIMEULUE,1101,30000,20000,0,0,0
2,ACEH,KABUPATEN ACEH SINGKIL,1102,30000,20000,0,0,0
3,ACEH,KABUPATEN ACEH SELATAN,1103,30000,20000,0,0,0
4,ACEH,KABUPATEN ACEH TENGGARA,1104,30000,20000,0,0,0
5,ACEH,KABUPATEN ACEH TIMUR,1105,30000,20000,0,0,0
6,ACEH,KABUPATEN ACEH TENGAH,1106,30000,20000,0,0,0
7,ACEH,KABUPATEN ACEH BARAT,1107,30000,20000,0,0,0
8,ACEH,KABUPATEN ACEH BESAR,1108,30000,20000,0,0,0
9,ACEH,KABUPATEN PIDIE,1109,30000,20000,0,0,0
10,ACEH,KABUPATEN BIREUEN,1110,30000,20000,0,0,0
11,ACEH,KABUPATEN ACEH UTARA,1111,30000,20000,0,0,0
12,ACEH,KABUPATEN ACEH BARAT DAYA,1112,30000,20000,0,0,0
13,ACEH,KABUPATEN GAYO LUES,1113,30000,20000,0,0,0
14,ACEH,KABUPATEN ACEH TAMIANG,1114,30000,20000,0,0,0
15,ACEH,KABUPATEN NAGAN RAYA,1115,30000,20000,0,0,0
16,ACEH,KABUPATEN ACEH JAYA,1116,30000,20000,0,0,0
17,ACEH,KABUPATEN BENER MERIAH,1117,30000,20000,0,0,0
18,ACEH,KABUPATEN PIDIE JAYA,1118,30000,20000,0,0,0
19,ACEH,KOTA BANDA ACEH,1171,30000,20000,0,0,0
20,ACEH,KOTA SABANG,1172,30000,20000,0,0,0
21,ACEH,KOTA LANGSA,1173,30000,20000,0,0,0
22,ACEH,KOTA LHOKSEUMAWE,1174,30000,20000,0,0,0
23,ACEH,KOTA SUBULUSSALAM,1175,30000,20000,0,0,0
24,SUMATERA UTARA,KABUPATEN NIAS,1201,30000,20000,0,0,0
25,SUMATERA UTARA,KABUPATEN MANDAILING NATAL,1202,30000,20000,0,0,0
26,SUMATERA UTARA,KABUPATEN TAPANULI SELATAN,1203,30000,20000,0,0,0
27,SUMATERA UTARA,KABUPATEN TAPANULI TENGAH,1204,30000,20000,0,0,0
28,SUMATERA UTARA,KABUPATEN TAPANULI UTARA,1205,30000,20000,0,0,0
29,SUMATERA UTARA,KABUPATEN TOBA SAMOSIR,1206,30000,20000,0,0,0
30,SUMATERA UTARA,KABUPATEN LABUHAN BATU,1207,30000,20000,0,0,0
31,SUMATERA UTARA,KABUPATEN ASAHAN,1208,30000,20000,0,0,0
32,SUMATERA UTARA,KABUPATEN SIMALUNGUN,1209,30000,20000,0,0,0
33,SUMATERA UTARA,KABUPATEN DAIRI,1210,30000,20000,0,0,0
34,SUMATERA UTARA,KABUPATEN KARO,1211,30000,20000,0,0,0
35,SUMATERA UTARA,KABUPATEN DELI SERDANG,1212,30000,20000,0,0,0
36,SUMATERA UTARA,KABUPATEN LANGKAT,1213,30000,20000,0,0,0
37,SUMATERA UTARA,KABUPATEN NIAS SELATAN,1214,30000,20000,0,0,0
38,SUMATERA UTARA,KABUPATEN HUMBANG HASUNDUTAN,1215,30000,20000,0,0,0
39,SUMATERA UTARA,KABUPATEN PAKPAK BHARAT,1216,30000,20000,0,0,0
40,SUMATERA UTARA,KABUPATEN SAMOSIR,1217,30000,20000,0,0,0
41,SUMATERA UTARA,KABUPATEN SERDANG BEDAGAI,1218,30000,20000,0,0,0
42,SUMATERA UTARA,KABUPATEN BATU BARA,1219,30000,20000,0,0,0
43,SUMATERA UTARA,KABUPATEN PADANG LAWAS UTARA,1220,30000,20000,0,0,0
44,SUMATERA UTARA,KABUPATEN PADANG LAWAS,1221,30000,20000,0,0,0
45,SUMATERA UTARA,KABUPATEN LABUHAN BATU SELATAN,1222,30000,20000,0,0,0
46,SUMATERA UTARA,KABUPATEN LABUHAN BATU UTARA,1223,30000,20000,0,0,0
47,SUMATERA UTARA,KABUPATEN NIAS UTARA,1224,30000,20000,0,0,0
48,SUMATERA UTARA,KABUPATEN NIAS BARAT,1225,30000,20000,0,0,0
49,SUMATERA UTARA,KOTA SIBOLGA,1271,30000,20000,0,0,0
50,SUMATERA UTARA,KOTA TANJUNG BALAI,1272,30000,20000,0,0,0
51,SUMATERA UTARA,KOTA PEMATANG SIANTAR,1273,30000,20000,0,0,0
52,SUMATERA UTARA,KOTA TEBING TINGGI,1274,30000,20000,0,0,0
53,SUMATERA UTARA,KOTA MEDAN,1275,30000,20000,0,0,0
54,SUMATERA UTARA,KOTA BINJAI,1276,30000,20000,0,0,0
55,SUMATERA UTARA,KOTA PADANGSIDIMPUAN,1277,30000,20000,0,0,0
56,SUMATERA UTARA,KOTA GUNUNGSITOLI,1278,30000,20000,0,0,0
57,SUMATERA BARAT,KABUPATEN KEPULAUAN MENTAWAI,1301,30000,20000,0,0,0
58,SUMATERA BARAT,KABUPATEN PESISIR SELATAN,1302,30000,20000,0,0,0
59,SUMATERA BARAT,KABUPATEN SOLOK,1303,30000,20000,0,0,0
60,SUMATERA BARAT,KABUPATEN SIJUNJUNG,1304,30000,20000,0,0,0
61,SUMATERA BARAT,KABUPATEN TANAH DATAR,1305,30000,20000,0,0,0
62,SUMATERA BARAT,KABUPATEN PADANG PARIAMAN,1306,30000,20000,0,0,0
63,SUMATERA BARAT,KABUPATEN AGAM,1307,30000,20000,0,0,0
64,SUMATERA BARAT,KABUPATEN LIMA PULUH KOTA,1308,30000,20000,0,0,0
65,SUMATERA BARAT,KABUPATEN PASAMAN,1309,30000,20000,0,0,0
66,SUMATERA BARAT,KABUPATEN SOLOK SELATAN,1310,30000,20000,0,0,0
67,SUMATERA BARAT,KABUPATEN DHARMASRAYA,1311,30000,20000,0,0,0
68,SUMATERA BARAT,KABUPATEN PASAMAN BARAT,1312,30000,20000,0,0,0
69,SUMATERA BARAT,KOTA PADANG,1371,30000,20000,0,0,0
70,SUMATERA BARAT,KOTA SOLOK,1372,30000,20000,0,0,0
71,SUMATERA BARAT,KOTA SAWAH LUNTO,1373,30000,20000,0,0,0
72,SUMATERA BARAT,KOTA PADANG PANJANG,1374,30000,20000,0,0,0
73,SUMATERA BARAT,KOTA BUKITTINGGI,1375,30000,20000,0,0,0
74,SUMATERA BARAT,KOTA PAYAKUMBUH,1376,30000,20000,0,0,0
75,SUMATERA BARAT,KOTA PARIAMAN,1377,30000,20000,0,0,0
76,RIAU,KABUPATEN KUANTAN SINGINGI,1401,30000,20000,0,0,0
77,RIAU,KABUPATEN INDRAGIRI HULU,1402,30000,20000,0,0,0
78,RIAU,KABUPATEN INDRAGIRI HILIR,1403,30000,20000,0,0,0
79,RIAU,KABUPATEN PELALAWAN,1404,30000,20000,0,0,0
80,RIAU,KABUPATEN S I A K,1405,30000,20000,0,0,0
81,RIAU,KABUPATEN KAMPAR,1406,30000,20000,0,0,0
82,RIAU,KABUPATEN ROKAN HULU,1407,30000,20000,0,0,0
83,RIAU,KABUPATEN BENGKALIS,1408,30000,20000,0,0,0
84,RIAU,KABUPATEN ROKAN HILIR,1409,30000,20000,0,0,0
85,RIAU,KABUPATEN KEPULAUAN MERANTI,1410,30000,20000,0,0,0
86,RIAU,KOTA PEKANBARU,1471,30000,20000,0,0,0
87,RIAU,KOTA D U M A I,1473,30000,20000,0,0,0
88,JAMBI,KABUPATEN KERINCI,1501,30000,20000,0,0,0
89,JAMBI,KABUPATEN MERANGIN,1502,30000,20000,0,0,0
90,JAMBI,KABUPATEN SAROLANGUN,1503,30000,20000,0,0,0
91,JAMBI,KABUPATEN BATANG HARI,1504,30000,20000,0,0,0
92,JAMBI,KABUPATEN MUARO JAMBI,1505,30000,20000,0,0,0
93,JAMBI,KABUPATEN TANJUNG JABUNG TIMUR,1506,30000,20000,0,0,0
94,JAMBI,KABUPATEN TANJUNG JABUNG BARAT,1507,30000,20000,0,0,0
95,JAMBI,KABUPATEN TEBO,1508,30000,20000,0,0,0
96,JAMBI,KABUPATEN BUNGO,1509,30000,20000,0,0,0
97,JAMBI,KOTA JAMBI,1571,30000,20000,0,0,0
98,JAMBI,KOTA SUNGAI PENUH,1572,30000,20000,0,0,0
99,SUMATERA SELATAN,KABUPATEN OGAN KOMERING ULU,1601,30000,20000,0,0,0
100,SUMATERA SELATAN,KABUPATEN OGAN KOMERING ILIR,1602,30000,20000,0,0,0
101,SUMATERA SELATAN,KABUPATEN MUARA ENIM,1603,30000,20000,0,0,0
102,SUMATERA SELATAN,KABUPATEN LAHAT,1604,30000,20000,0,0,0
103,SUMATERA SELATAN,KABUPATEN MUSI RAWAS,1605,30000,20000,0,0,0
104,SUMATERA SELATAN,KABUPATEN MUSI BANYUASIN,1606,30000,20000,0,0,0
105,SUMATERA SELATAN,KABUPATEN BANYU ASIN,1607,30000,20000,0,0,0
106,SUMATERA SELATAN,KABUPATEN OGAN KOMERING ULU SELATAN,1608,30000,20000,0,0,0
107,SUMATERA SELATAN,KABUPATEN OGAN KOMERING ULU TIMUR,1609,30000,20000,0,0,0
108,SUMATERA SELATAN,KABUPATEN OGAN ILIR,1610,30000,20000,0,0,0
109,SUMATERA SELATAN,KABUPATEN EMPAT LAWANG,1611,30000,20000,0,0,0
110,SUMATERA SELATAN,KABUPATEN PENUKAL ABAB LEMATANG ILIR,1612,30000,20000,0,0,0
111,SUMATERA SELATAN,KABUPATEN MUSI RAWAS UTARA,1613,30000,20000,0,0,0
112,SUMATERA SELATAN,KOTA PALEMBANG,1671,30000,20000,0,0,0
113,SUMATERA SELATAN,KOTA PRABUMULIH,1672,30000,20000,0,0,0
114,SUMATERA SELATAN,KOTA PAGAR ALAM,1673,30000,20000,0,0,0
115,SUMATERA SELATAN,KOTA LUBUKLINGGAU,1674,30000,20000,0,0,0
116,BENGKULU,KABUPATEN BENGKULU SELATAN,1701,30000,20000,0,0,0
117,BENGKULU,KABUPATEN REJANG LEBONG,1702,30000,20000,0,0,0
118,BENGKULU,KABUPATEN BENGKULU UTARA,1703,30000,20000,0,0,0
119,BENGKULU,KABUPATEN KAUR,1704,30000,20000,0,0,0
120,BENGKULU,KABUPATEN SELUMA,1705,30000,20000,0,0,0
121,BENGKULU,KABUPATEN MUKOMUKO,1706,30000,20000,0,0,0
122,BENGKULU,KABUPATEN LEBONG,1707,30000,20000,0,0,0
123,BENGKULU,KABUPATEN KEPAHIANG,1708,30000,20000,0,0,0
124,BENGKULU,KABUPATEN BENGKULU TENGAH,1709,30000,20000,0,0,0
125,BENGKULU,KOTA BENGKULU,1771,30000,20000,0,0,0
126,LAMPUNG,KABUPATEN LAMPUNG BARAT,1801,30000,20000,0,0,0
127,LAMPUNG,KABUPATEN TANGGAMUS,1802,30000,20000,0,0,0
128,LAMPUNG,KABUPATEN LAMPUNG SELATAN,1803,30000,20000,0,0,0
129,LAMPUNG,KABUPATEN LAMPUNG TIMUR,1804,30000,20000,0,0,0
130,LAMPUNG,KABUPATEN LAMPUNG TENGAH,1805,30000,20000,0,0,0
131,LAMPUNG,KABUPATEN LAMPUNG UTARA,1806,30000,20000,0,0,0
132,LAMPUNG,KABUPATEN WAY KANAN,1807,30000,20000,0,0,0
133,LAMPUNG,KABUPATEN TULANGBAWANG,1808,30000,20000,0,0,0
134,LAMPUNG,KABUPATEN PESAWARAN,1809,30000,20000,0,0,0
135,LAMPUNG,KABUPATEN PRINGSEWU,1810,30000,20000,0,0,0
136,LAMPUNG,KABUPATEN MESUJI,1811,30000,20000,0,0,0
137,LAMPUNG,KABUPATEN TULANG BAWANG BARAT,1812,30000,20000,0,0,0
138,LAMPUNG,KABUPATEN PESISIR BARAT,1813,30000,20000,0,0,0
139,LAMPUNG,KOTA BANDAR LAMPUNG,1871,30000,20000,0,0,0
140,LAMPUNG,KOTA METRO,1872,30000,20000,0,0,0
141,KEPULAUAN BANGKA BELITUNG,KABUPATEN BANGKA,1901,30000,20000,0,0,0
142,KEPULAUAN BANGKA BELITUNG,KABUPATEN BELITUNG,1902,30000,20000,0,0,0
143,KEPULAUAN BANGKA BELITUNG,KABUPATEN BANGKA BARAT,1903,30000,20000,0,0,0
144,KEPULAUAN BANGKA BELITUNG,KABUPATEN BANGKA TENGAH,1904,30000,20000,0,0,0
145,KEPULAUAN BANGKA BELITUNG,KABUPATEN BANGKA SELATAN,1905,30000,20000,0,0,0
146,KEPULAUAN BANGKA BELITUNG,KABUPATEN BELITUNG TIMUR,1906,30000,20000,0,0,0
147,KEPULAUAN BANGKA BELITUNG,KOTA PANGKAL PINANG,1971,30000,20000,0,0,0
148,KEPULAUAN RIAU,KABUPATEN KARIMUN,2101,30000,20000,0,0,0
149,KEPULAUAN RIAU,KABUPATEN BINTAN,2102,30000,20000,0,0,0
150,KEPULAUAN RIAU,KABUPATEN NATUNA,2103,30000,20000,0,0,0
151,KEPULAUAN RIAU,KABUPATEN LINGGA,2104,30000,20000,0,0,0
152,KEPULAUAN RIAU,KABUPATEN KEPULAUAN ANAMBAS,2105,30000,20000,0,0,0
153,KEPULAUAN RIAU,KOTA B A T A M,2171,30000,20000,0,0,0
154,KEPULAUAN RIAU,KOTA TANJUNG PINANG,2172,30000,20000,0,0,0
155,DKI JAKARTA,KABUPATEN KEPULAUAN SERIBU,3101,30000,20000,0,0,0
156,DKI JAKARTA,KOTA JAKARTA SELATAN,3171,30000,20000,0,0,0
157,DKI JAKARTA,KOTA JAKARTA TIMUR,3172,30000,20000,0,0,0
158,DKI JAKARTA,KOTA JAKARTA PUSAT,3173,30000,20000,0,0,0
159,DKI JAKARTA,KOTA JAKARTA BARAT,3174,30000,20000,0,0,0
160,DKI JAKARTA,KOTA JAKARTA UTARA,3175,30000,20000,0,0,0
161,JAWA BARAT,KABUPATEN BOGOR,3201,30000,20000,0,0,0
162,JAWA BARAT,KABUPATEN SUKABUMI,3202,30000,20000,0,0,0
163,JAWA BARAT,KABUPATEN CIANJUR,3203,30000,20000,0,0,0
164,JAWA BARAT,KABUPATEN BANDUNG,3204,30000,20000,0,0,0
165,JAWA BARAT,KABUPATEN GARUT,3205,30000,20000,0,0,0
166,JAWA BARAT,KABUPATEN TASIKMALAYA,3206,30000,20000,0,0,0
167,JAWA BARAT,KABUPATEN CIAMIS,3207,30000,20000,0,0,0
168,JAWA BARAT,KABUPATEN KUNINGAN,3208,30000,20000,0,0,0
169,JAWA BARAT,KABUPATEN CIREBON,3209,30000,20000,0,0,0
170,JAWA BARAT,KABUPATEN MAJALENGKA,3210,30000,20000,0,0,0
171,JAWA BARAT,KABUPATEN SUMEDANG,3211,30000,20000,0,0,0
172,JAWA BARAT,KABUPATEN INDRAMAYU,3212,30000,20000,0,0,0
173,JAWA BARAT,KABUPATEN SUBANG,3213,30000,20000,0,0,0
174,JAWA BARAT,KABUPATEN PURWAKARTA,3214,30000,20000,0,0,0
175,JAWA BARAT,KABUPATEN KARAWANG,3215,30000,20000,0,0,0
176,JAWA BARAT,KABUPATEN BEKASI,3216,30000,20000,0,0,0
177,JAWA BARAT,KABUPATEN BANDUNG BARAT,3217,30000,20000,0,0,0
178,JAWA BARAT,KABUPATEN PANGANDARAN,3218,30000,20000,0,0,0
179,JAWA BARAT,KOTA BOGOR,3271,30000,20000,0,0,0
180,JAWA BARAT,KOTA SUKABUMI,3272,30000,20000,0,0,0
181,JAWA BARAT,KOTA BANDUNG,3273,30000,20000,0,0,0
182,JAWA BARAT,KOTA CIREBON,3274,30000,20000,0,0,0
183,JAWA BARAT,KOTA BEKASI,3275,30000,20000,0,0,0
184,JAWA BARAT,KOTA DEPOK,3276,30000,20000,0,0,0
185,JAWA BARAT,KOTA CIMAHI,3277,30000,20000,0,0,0
186,JAWA BARAT,KOTA TASIKMALAYA,3278,30000,20000,0,0,0
187,JAWA BARAT,KOTA BANJAR,3279,30000,20000,0,0,0
188,JAWA TENGAH,KABUPATEN CILACAP,3301,30000,20000,0,0,0
189,JAWA TENGAH,KABUPATEN BANYUMAS,3302,30000,20000,0,0,0
190,JAWA TENGAH,KABUPATEN PURBALINGGA,3303,30000,20000,0,0,0
191,JAWA TENGAH,KABUPATEN BANJARNEGARA,3304,30000,20000,0,0,0
192,JAWA TENGAH,KABUPATEN KEBUMEN,3305,30000,20000,0,0,0
193,JAWA TENGAH,KABUPATEN PURWOREJO,3306,30000,20000,0,0,0
194,JAWA TENGAH,KABUPATEN WONOSOBO,3307,30000,20000,0,0,0
195,JAWA TENGAH,KABUPATEN MAGELANG,3308,30000,20000,0,0,0
196,JAWA TENGAH,KABUPATEN BOYOLALI,3309,30000,20000,0,0,0
197,JAWA TENGAH,KABUPATEN KLATEN,3310,30000,20000,0,0,0
198,JAWA TENGAH,KABUPATEN SUKOHARJO,3311,30000,20000,0,0,0
199,JAWA TENGAH,KABUPATEN WONOGIRI,3312,30000,20000,0,0,0
200,JAWA TENGAH,KABUPATEN KARANGANYAR,3313,30000,20000,0,0,0
201,JAWA TENGAH,KABUPATEN SRAGEN,3314,30000,20000,0,0,0
202,JAWA TENGAH,KABUPATEN GROBOGAN,3315,30000,20000,0,0,0
203,JAWA TENGAH,KABUPATEN BLORA,3316,30000,20000,0,0,0
204,JAWA TENGAH,KABUPATEN REMBANG,3317,30000,20000,0,0,0
205,JAWA TENGAH,KABUPATEN PATI,3318,30000,20000,0,0,0
206,JAWA TENGAH,KABUPATEN KUDUS,3319,30000,20000,0,0,0
207,JAWA TENGAH,KABUPATEN JEPARA,3320,30000,20000,0,0,0
208,JAWA TENGAH,KABUPATEN DEMAK,3321,30000,20000,0,0,0
209,JAWA TENGAH,KABUPATEN SEMARANG,3322,30000,20000,0,0,0
210,JAWA TENGAH,KABUPATEN TEMANGGUNG,3323,30000,20000,0,0,0
211,JAWA TENGAH,KABUPATEN KENDAL,3324,30000,20000,0,0,0
212,JAWA TENGAH,KABUPATEN BATANG,3325,30000,20000,0,0,0
213,JAWA TENGAH,KABUPATEN PEKALONGAN,3326,30000,20000,0,0,0
214,JAWA TENGAH,KABUPATEN PEMALANG,3327,30000,20000,0,0,0
215,JAWA TENGAH,KABUPATEN TEGAL,3328,30000,20000,0,0,0
216,JAWA TENGAH,KABUPATEN BREBES,3329,30000,20000,0,0,0
217,JAWA TENGAH,KOTA MAGELANG,3371,30000,20000,0,0,0
218,JAWA TENGAH,KOTA SURAKARTA,3372,30000,20000,0,0,0
219,JAWA TENGAH,KOTA SALATIGA,3373,30000,20000,0,0,0
220,JAWA TENGAH,KOTA SEMARANG,3374,30000,20000,0,0,0
221,JAWA TENGAH,KOTA PEKALONGAN,3375,30000,20000,0,0,0
222,JAWA TENGAH,KOTA TEGAL,3376,30000,20000,0,0,0
223,DI YOGYAKARTA,KABUPATEN KULON PROGO,3401,30000,20000,0,0,0
224,DI YOGYAKARTA,KABUPATEN BANTUL,3402,30000,20000,0,0,0
225,DI YOGYAKARTA,KABUPATEN GUNUNG KIDUL,3403,30000,20000,0,0,0
226,DI YOGYAKARTA,KABUPATEN SLEMAN,3404,30000,20000,0,0,0
227,DI YOGYAKARTA,KOTA YOGYAKARTA,3471,30000,20000,0,0,0
228,JAWA TIMUR,KABUPATEN PACITAN,3501,30000,20000,0,0,0
229,JAWA TIMUR,KABUPATEN PONOROGO,3502,30000,20000,0,0,0
230,JAWA TIMUR,KABUPATEN TRENGGALEK,3503,30000,20000,0,0,0
231,JAWA TIMUR,KABUPATEN TULUNGAGUNG,3504,30000,20000,0,0,0
232,JAWA TIMUR,KABUPATEN BLITAR,3505,30000,20000,0,0,0
233,JAWA TIMUR,KABUPATEN KEDIRI,3506,30000,20000,0,0,0
234,JAWA TIMUR,KABUPATEN MALANG,3507,30000,20000,0,0,0
235,JAWA TIMUR,KABUPATEN LUMAJANG,3508,30000,20000,0,0,0
236,JAWA TIMUR,KABUPATEN JEMBER,3509,30000,20000,0,0,0
237,JAWA TIMUR,KABUPATEN BANYUWANGI,3510,30000,20000,0,0,0
238,JAWA TIMUR,KABUPATEN BONDOWOSO,3511,30000,20000,0,0,0
239,JAWA TIMUR,KABUPATEN SITUBONDO,3512,30000,20000,0,0,0
240,JAWA TIMUR,KABUPATEN PROBOLINGGO,3513,30000,20000,0,0,0
241,JAWA TIMUR,KABUPATEN PASURUAN,3514,30000,20000,0,0,0
242,JAWA TIMUR,KABUPATEN SIDOARJO,3515,30000,20000,0,0,0
243,JAWA TIMUR,KABUPATEN MOJOKERTO,3516,30000,20000,0,0,0
244,JAWA TIMUR,KABUPATEN JOMBANG,3517,30000,20000,0,0,0
245,JAWA TIMUR,KABUPATEN NGANJUK,3518,30000,20000,0,0,0
246,JAWA TIMUR,KABUPATEN MADIUN,3519,30000,20000,0,0,0
247,JAWA TIMUR,KABUPATEN MAGETAN,3520,30000,20000,0,0,0
248,JAWA TIMUR,KABUPATEN NGAWI,3521,30000,20000,0,0,0
249,JAWA TIMUR,KABUPATEN BOJONEGORO,3522,30000,20000,0,0,0
250,JAWA TIMUR,KABUPATEN TUBAN,3523,30000,20000,0,0,0
251,JAWA TIMUR,KABUPATEN LAMONGAN,3524,30000,20000,0,0,0
252,JAWA TIMUR,KABUPATEN GRESIK,3525,30000,20000,0,0,0
253,JAWA TIMUR,KABUPATEN BANGKALAN,3526,30000,20000,0,0,0
254,JAWA TIMUR,KABUPATEN SAMPANG,3527,30000,20000,0,0,0
255,JAWA TIMUR,KABUPATEN PAMEKASAN,3528,30000,20000,0,0,0
256,JAWA TIMUR,KABUPATEN SUMENEP,3529,30000,20000,0,0,0
257,JAWA TIMUR,KOTA KEDIRI,3571,30000,20000,0,0,0
258,JAWA TIMUR,KOTA BLITAR,3572,30000,20000,0,0,0
259,JAWA TIMUR,KOTA MALANG,3573,30000,20000,0,0,0
260,JAWA TIMUR,KOTA PROBOLINGGO,3574,30000,20000,0,0,0
261,JAWA TIMUR,KOTA PASURUAN,3575,30000,20000,0,0,0
262,JAWA TIMUR,KOTA MOJOKERTO,3576,30000,20000,0,0,0
263,JAWA TIMUR,KOTA MADIUN,3577,30000,20000,0,0,0
264,JAWA TIMUR,KOTA SURABAYA,3578,30000,20000,0,0,0
265,JAWA TIMUR,KOTA BATU,3579,30000,20000,0,0,0
266,BANTEN,KABUPATEN PANDEGLANG,3601,30000,20000,0,0,0
267,BANTEN,KABUPATEN LEBAK,3602,30000,20000,0,0,0
268,BANTEN,KABUPATEN TANGERANG,3603,30000,20000,0,0,0
269,BANTEN,KABUPATEN SERANG,3604,30000,20000,0,0,0
270,BANTEN,KOTA TANGERANG,3671,30000,20000,0,0,0
271,BANTEN,KOTA CILEGON,3672,30000,20000,0,0,0
272,BANTEN,KOTA SERANG,3673,30000,20000,0,0,0
273,BANTEN,KOTA TANGERANG SELATAN,3674,30000,20000,0,0,0
274,BALI,KABUPATEN JEMBRANA,5101,30000,20000,0,0,0
275,BALI,KABUPATEN TABANAN,5102,30000,20000,0,0,0
276,BALI,KABUPATEN BADUNG,5103,30000,20000,0,0,0
277,BALI,KABUPATEN GIANYAR,5104,30000,20000,0,0,0
278,BALI,KABUPATEN KLUNGKUNG,5105,30000,20000,0,0,0
279,BALI,KABUPATEN BANGLI,5106,30000,20000,0,0,0
280,BALI,KABUPATEN KARANG ASEM,5107,30000,20000,0,0,0
281,BALI,KABUPATEN BULELENG,5108,30000,20000,0,0,0
282,BALI,KOTA DENPASAR,5171,30000,20000,0,0,0
283,NUSA TENGGARA BARAT,KABUPATEN LOMBOK BARAT,5201,30000,20000,0,0,0
284,NUSA TENGGARA BARAT,KABUPATEN LOMBOK TENGAH,5202,30000,20000,0,0,0
285,NUSA TENGGARA BARAT,KABUPATEN LOMBOK TIMUR,5203,30000,20000,0,0,0
286,NUSA TENGGARA BARAT,KABUPATEN SUMBAWA,5204,30000,20000,0,0,0
287,NUSA TENGGARA BARAT,KABUPATEN DOMPU,5205,30000,20000,0,0,0
288,NUSA TENGGARA BARAT,KABUPATEN BIMA,5206,30000,20000,0,0,0
289,NUSA TENGGARA BARAT,KABUPATEN SUMBAWA BARAT,5207,30000,20000,0,0,0
290,NUSA TENGGARA BARAT,KABUPATEN LOMBOK UTARA,5208,30000,20000,0,0,0
291,NUSA TENGGARA BARAT,KOTA MATARAM,5271,30000,20000,0,0,0
292,NUSA TENGGARA BARAT,KOTA BIMA,5272,30000,20000,0,0,0
293,NUSA TENGGARA TIMUR,KABUPATEN SUMBA BARAT,5301,30000,20000,0,0,0
294,NUSA TENGGARA TIMUR,KABUPATEN SUMBA TIMUR,5302,30000,20000,0,0,0
295,NUSA TENGGARA TIMUR,KABUPATEN KUPANG,5303,30000,20000,0,0,0
296,NUSA TENGGARA TIMUR,KABUPATEN TIMOR TENGAH SELATAN,5304,30000,20000,0,0,0
297,NUSA TENGGARA TIMUR,KABUPATEN TIMOR TENGAH UTARA,5305,30000,20000,0,0,0
298,NUSA TENGGARA TIMUR,KABUPATEN BELU,5306,30000,20000,0,0,0
299,NUSA TENGGARA TIMUR,KABUPATEN ALOR,5307,30000,20000,0,0,0
300,NUSA TENGGARA TIMUR,KABUPATEN LEMBATA,5308,30000,20000,0,0,0
301,NUSA TENGGARA TIMUR,KABUPATEN FLORES TIMUR,5309,30000,20000,0,0,0
302,NUSA TENGGARA TIMUR,KABUPATEN SIKKA,5310,30000,20000,0,0,0
303,NUSA TENGGARA TIMUR,KABUPATEN ENDE,5311,30000,20000,0,0,0
304,NUSA TENGGARA TIMUR,KABUPATEN NGADA,5312,30000,20000,0,0,0
305,NUSA TENGGARA TIMUR,KABUPATEN MANGGARAI,5313,30000,20000,0,0,0
306,NUSA TENGGARA TIMUR,KABUPATEN ROTE NDAO,5314,30000,20000,0,0,0
307,NUSA TENGGARA TIMUR,KABUPATEN MANGGARAI BARAT,5315,30000,20000,0,0,0
308,NUSA TENGGARA TIMUR,KABUPATEN SUMBA TENGAH,5316,30000,20000,0,0,0
309,NUSA TENGGARA TIMUR,KABUPATEN SUMBA BARAT DAYA,5317,30000,20000,0,0,0
310,NUSA TENGGARA TIMUR,KABUPATEN NAGEKEO,5318,30000,20000,0,0,0
311,NUSA TENGGARA TIMUR,KABUPATEN MANGGARAI TIMUR,5319,30000,20000,0,0,0
312,NUSA TENGGARA TIMUR,KABUPATEN SABU RAIJUA,5320,30000,20000,0,0,0
313,NUSA TENGGARA TIMUR,KABUPATEN MALAKA,5321,30000,20000,0,0,0
314,NUSA TENGGARA TIMUR,KOTA KUPANG,5371,30000,20000,0,0,0
315,KALIMANTAN BARAT,KABUPATEN SAMBAS,6101,30000,20000,0,0,0
316,KALIMANTAN BARAT,KABUPATEN BENGKAYANG,6102,30000,20000,0,0,0
317,KALIMANTAN BARAT,KABUPATEN LANDAK,6103,30000,20000,0,0,0
318,KALIMANTAN BARAT,KABUPATEN MEMPAWAH,6104,30000,20000,0,0,0
319,KALIMANTAN BARAT,KABUPATEN SANGGAU,6105,30000,20000,0,0,0
320,KALIMANTAN BARAT,KABUPATEN KETAPANG,6106,30000,20000,0,0,0
321,KALIMANTAN BARAT,KABUPATEN SINTANG,6107,30000,20000,0,0,0
322,KALIMANTAN BARAT,KABUPATEN KAPUAS HULU,6108,30000,20000,0,0,0
323,KALIMANTAN BARAT,KABUPATEN SEKADAU,6109,30000,20000,0,0,0
324,KALIMANTAN BARAT,KABUPATEN MELAWI,6110,30000,20000,0,0,0
325,KALIMANTAN BARAT,KABUPATEN KAYONG UTARA,6111,30000,20000,0,0,0
326,KALIMANTAN BARAT,KABUPATEN KUBU RAYA,6112,30000,20000,0,0,0
327,KALIMANTAN BARAT,KOTA PONTIANAK,6171,30000,20000,0,0,0
328,KALIMANTAN BARAT,KOTA SINGKAWANG,6172,30000,20000,0,0,0
329,KALIMANTAN TENGAH,KABUPATEN KOTAWARINGIN BARAT,6201,30000,20000,0,0,0
330,KALIMANTAN TENGAH,KABUPATEN KOTAWARINGIN TIMUR,6202,30000,20000,0,0,0
331,KALIMANTAN TENGAH,KABUPATEN KAPUAS,6203,30000,20000,0,0,0
332,KALIMANTAN TENGAH,KABUPATEN BARITO SELATAN,6204,30000,20000,0,0,0
333,KALIMANTAN TENGAH,KABUPATEN BARITO UTARA,6205,30000,20000,0,0,0
334,KALIMANTAN TENGAH,KABUPATEN SUKAMARA,6206,30000,20000,0,0,0
335,KALIMANTAN TENGAH,KABUPATEN LAMANDAU,6207,30000,20000,0,0,0
336,KALIMANTAN TENGAH,KABUPATEN SERUYAN,6208,30000,20000,0,0,0
337,KALIMANTAN TENGAH,KABUPATEN KATINGAN,6209,30000,20000,0,0,0
338,KALIMANTAN TENGAH,KABUPATEN PULANG PISAU,6210,30000,20000,0,0,0
339,KALIMANTAN TENGAH,KABUPATEN GUNUNG MAS,6211,30000,20000,0,0,0
340,KALIMANTAN TENGAH,KABUPATEN BARITO TIMUR,6212,30000,20000,0,0,0
341,KALIMANTAN TENGAH,KABUPATEN MURUNG RAYA,6213,30000,20000,0,0,0
342,KALIMANTAN TENGAH,KOTA PALANGKA RAYA,6271,30000,20000,0,0,0
343,KALIMANTAN SELATAN,KABUPATEN TANAH LAUT,6301,30000,20000,0,0,0
344,KALIMANTAN SELATAN,KABUPATEN KOTA BARU,6302,30000,20000,0,0,0
345,KALIMANTAN SELATAN,KABUPATEN BANJAR,6303,30000,20000,0,0,0
346,KALIMANTAN SELATAN,KABUPATEN BARITO KUALA,6304,30000,20000,0,0,0
347,KALIMANTAN SELATAN,KABUPATEN TAPIN,6305,30000,20000,0,0,0
348,KALIMANTAN SELATAN,KABUPATEN HULU SUNGAI SELATAN,6306,30000,20000,0,0,0
349,KALIMANTAN SELATAN,KABUPATEN HULU SUNGAI TENGAH,6307,30000,20000,0,0,0
350,KALIMANTAN SELATAN,KABUPATEN HULU SUNGAI UTARA,6308,30000,20000,0,0,0
351,KALIMANTAN SELATAN,KABUPATEN TABALONG,6309,30000,20000,0,0,0
352,KALIMANTAN SELATAN,KABUPATEN TANAH BUMBU,6310,30000,20000,0,0,0
353,KALIMANTAN SELATAN,KABUPATEN BALANGAN,6311,30000,20000,0,0,0
354,KALIMANTAN SELATAN,KOTA BANJARMASIN,6371,30000,20000,0,0,0
355,KALIMANTAN SELATAN,KOTA BANJAR BARU,6372,30000,20000,0,0,0
356,KALIMANTAN TIMUR,KABUPATEN PASER,6401,30000,20000,0,0,0
357,KALIMANTAN TIMUR,KABUPATEN KUTAI BARAT,6402,30000,20000,0,0,0
358,KALIMANTAN TIMUR,KABUPATEN KUTAI KARTANEGARA,6403,30000,20000,0,0,0
359,KALIMANTAN TIMUR,KABUPATEN KUTAI TIMUR,6404,30000,20000,0,0,0
360,KALIMANTAN TIMUR,KABUPATEN BERAU,6405,30000,20000,0,0,0
361,KALIMANTAN TIMUR,KABUPATEN PENAJAM PASER UTARA,6409,30000,20000,0,0,0
362,KALIMANTAN TIMUR,KABUPATEN MAHAKAM HULU,6411,30000,20000,0,0,0
363,KALIMANTAN TIMUR,KOTA BALIKPAPAN,6471,30000,20000,0,0,0
364,KALIMANTAN TIMUR,KOTA SAMARINDA,6472,30000,20000,0,0,0
365,KALIMANTAN TIMUR,KOTA BONTANG,6474,30000,20000,0,0,0
366,KALIMANTAN UTARA,KABUPATEN MALINAU,6501,30000,20000,0,0,0
367,KALIMANTAN UTARA,KABUPATEN BULUNGAN,6502,30000,20000,0,0,0
368,KALIMANTAN UTARA,KABUPATEN TANA TIDUNG,6503,30000,20000,0,0,0
369,KALIMANTAN UTARA,KABUPATEN NUNUKAN,6504,30000,20000,0,0,0
370,KALIMANTAN UTARA,KOTA TARAKAN,6571,30000,20000,0,0,0
371,SULAWESI UTARA,KABUPATEN BOLAANG MONGONDOW,7101,30000,20000,0,0,0
372,SULAWESI UTARA,KABUPATEN MINAHASA,7102,30000,20000,0,0,0
373,SULAWESI UTARA,KABUPATEN KEPULAUAN SANGIHE,7103,30000,20000,0,0,0
374,SULAWESI UTARA,KABUPATEN KEPULAUAN TALAUD,7104,30000,20000,0,0,0
375,SULAWESI UTARA,KABUPATEN MINAHASA SELATAN,7105,30000,20000,0,0,0
376,SULAWESI UTARA,KABUPATEN MINAHASA UTARA,7106,30000,20000,0,0,0
377,SULAWESI UTARA,KABUPATEN BOLAANG MONGONDOW UTARA,7107,30000,20000,0,0,0
378,SULAWESI UTARA,KABUPATEN SIAU TAGULANDANG BIARO,7108,30000,20000,0,0,0
379,SULAWESI UTARA,KABUPATEN MINAHASA TENGGARA,7109,30000,20000,0,0,0
380,SULAWESI UTARA,KABUPATEN BOLAANG MONGONDOW SELATAN,7110,30000,20000,0,0,0
381,SULAWESI UTARA,KABUPATEN BOLAANG MONGONDOW TIMUR,7111,30000,20000,0,0,0
382,SULAWESI UTARA,KOTA MANADO,7171,30000,20000,0,0,0
383,SULAWESI UTARA,KOTA BITUNG,7172,30000,20000,0,0,0
384,SULAWESI UTARA,KOTA TOMOHON,7173,30000,20000,0,0,0
385,SULAWESI UTARA,KOTA KOTAMOBAGU,7174,30000,20000,0,0,0
386,SULAWESI TENGAH,KABUPATEN BANGGAI KEPULAUAN,7201,30000,20000,0,0,0
387,SULAWESI TENGAH,KABUPATEN BANGGAI,7202,30000,20000,0,0,0
388,SULAWESI TENGAH,KABUPATEN MOROWALI,7203,30000,20000,0,0,0
389,SULAWESI TENGAH,KABUPATEN POSO,7204,30000,20000,0,0,0
390,SULAWESI TENGAH,KABUPATEN DONGGALA,7205,30000,20000,0,0,0
391,SULAWESI TENGAH,KABUPATEN TOLI-TOLI,7206,30000,20000,0,0,0
392,SULAWESI TENGAH,KABUPATEN BUOL,7207,30000,20000,0,0,0
393,SULAWESI TENGAH,KABUPATEN PARIGI MOUTONG,7208,30000,20000,0,0,0
394,SULAWESI TENGAH,KABUPATEN TOJO UNA-UNA,7209,30000,20000,0,0,0
395,SULAWESI TENGAH,KABUPATEN SIGI,7210,30000,20000,0,0,0
396,SULAWESI TENGAH,KABUPATEN BANGGAI LAUT,7211,30000,20000,0,0,0
397,SULAWESI TENGAH,KABUPATEN MOROWALI UTARA,7212,30000,20000,0,0,0
398,SULAWESI TENGAH,KOTA PALU,7271,30000,20000,0,0,0
399,SULAWESI SELATAN,KABUPATEN KEPULAUAN SELAYAR,7301,30000,20000,0,0,0
400,SULAWESI SELATAN,KABUPATEN BULUKUMBA,7302,30000,20000,0,0,0
401,SULAWESI SELATAN,KABUPATEN BANTAENG,7303,30000,20000,0,0,0
402,SULAWESI SELATAN,KABUPATEN JENEPONTO,7304,30000,20000,0,0,0
403,SULAWESI SELATAN,KABUPATEN TAKALAR,7305,30000,20000,0,0,0
404,SULAWESI SELATAN,KABUPATEN GOWA,7306,30000,20000,0,0,0
405,SULAWESI SELATAN,KABUPATEN SINJAI,7307,30000,20000,0,0,0
406,SULAWESI SELATAN,KABUPATEN MAROS,7308,30000,20000,0,0,0
407,SULAWESI SELATAN,KABUPATEN PANGKAJENE DAN KEPULAUAN,7309,30000,20000,0,0,0
408,SULAWESI SELATAN,KABUPATEN BARRU,7310,30000,20000,0,0,0
409,SULAWESI SELATAN,KABUPATEN BONE,7311,30000,20000,0,0,0
410,SULAWESI SELATAN,KABUPATEN SOPPENG,7312,30000,20000,0,0,0
411,SULAWESI SELATAN,KABUPATEN WAJO,7313,30000,20000,0,0,0
412,SULAWESI SELATAN,KABUPATEN SIDENRENG RAPPANG,7314,30000,20000,0,0,0
413,SULAWESI SELATAN,KABUPATEN PINRANG,7315,30000,20000,0,0,0
414,SULAWESI SELATAN,KABUPATEN ENREKANG,7316,30000,20000,0,0,0
415,SULAWESI SELATAN,KABUPATEN LUWU,7317,30000,20000,0,0,0
416,SULAWESI SELATAN,KABUPATEN TANA TORAJA,7318,30000,20000,0,0,0
417,SULAWESI SELATAN,KABUPATEN LUWU UTARA,7322,30000,20000,0,0,0
418,SULAWESI SELATAN,KABUPATEN LUWU TIMUR,7325,30000,20000,0,0,0
419,SULAWESI SELATAN,KABUPATEN TORAJA UTARA,7326,30000,20000,0,0,0
420,SULAWESI SELATAN,KOTA MAKASSAR,7371,30000,20000,0,0,0
421,SULAWESI SELATAN,KOTA PAREPARE,7372,30000,20000,0,0,0
422,SULAWESI SELATAN,KOTA PALOPO,7373,30000,20000,0,0,0
423,SULAWESI TENGGARA,KABUPATEN BUTON,7401,30000,20000,0,0,0
424,SULAWESI TENGGARA,KABUPATEN MUNA,7402,30000,20000,0,0,0
425,SULAWESI TENGGARA,KABUPATEN KONAWE,7403,30000,20000,0,0,0
426,SULAWESI TENGGARA,KABUPATEN KOLAKA,7404,30000,20000,0,0,0
427,SULAWESI TENGGARA,KABUPATEN KONAWE SELATAN,7405,30000,20000,0,0,0
428,SULAWESI TENGGARA,KABUPATEN BOMBANA,7406,30000,20000,0,0,0
429,SULAWESI TENGGARA,KABUPATEN WAKATOBI,7407,30000,20000,0,0,0
430,SULAWESI TENGGARA,KABUPATEN KOLAKA UTARA,7408,30000,20000,0,0,0
431,SULAWESI TENGGARA,KABUPATEN BUTON UTARA,7409,30000,20000,0,0,0
432,SULAWESI TENGGARA,KABUPATEN KONAWE UTARA,7410,30000,20000,0,0,0
433,SULAWESI TENGGARA,KABUPATEN KOLAKA TIMUR,7411,30000,20000,0,0,0
434,SULAWESI TENGGARA,KABUPATEN KONAWE KEPULAUAN,7412,30000,20000,0,0,0
435,SULAWESI TENGGARA,KABUPATEN MUNA BARAT,7413,30000,20000,0,0,0
436,SULAWESI TENGGARA,KABUPATEN BUTON TENGAH,7414,30000,20000,0,0,0
437,SULAWESI TENGGARA,KABUPATEN BUTON SELATAN,7415,30000,20000,0,0,0
438,SULAWESI TENGGARA,KOTA KENDARI,7471,30000,20000,0,0,0
439,SULAWESI TENGGARA,KOTA BAUBAU,7472,30000,20000,0,0,0
440,GORONTALO,KABUPATEN BOALEMO,7501,30000,20000,0,0,0
441,GORONTALO,KABUPATEN GORONTALO,7502,30000,20000,0,0,0
442,GORONTALO,KABUPATEN POHUWATO,7503,30000,20000,0,0,0
443,GORONTALO,KABUPATEN BONE BOLANGO,7504,30000,20000,0,0,0
444,GORONTALO,KABUPATEN GORONTALO UTARA,7505,30000,20000,0,0,0
445,GORONTALO,KOTA GORONTALO,7571,30000,20000,0,0,0
446,SULAWESI BARAT,KABUPATEN MAJENE,7601,30000,20000,0,0,0
447,SULAWESI BARAT,KABUPATEN POLEWALI MANDAR,7602,30000,20000,0,0,0
448,SULAWESI BARAT,KABUPATEN MAMASA,7603,30000,20000,0,0,0
449,SULAWESI BARAT,KABUPATEN MAMUJU,7604,30000,20000,0,0,0
450,SULAWESI BARAT,KABUPATEN MAMUJU UTARA,7605,30000,20000,0,0,0
451,SULAWESI BARAT,KABUPATEN MAMUJU TENGAH,7606,30000,20000,0,0,0
452,MALUKU,KABUPATEN MALUKU TENGGARA BARAT,8101,30000,20000,0,0,0
453,MALUKU,KABUPATEN MALUKU TENGGARA,8102,30000,20000,0,0,0
454,MALUKU,KABUPATEN MALUKU TENGAH,8103,30000,20000,0,0,0
455,MALUKU,KABUPATEN BURU,8104,30000,20000,0,0,0
456,MALUKU,KABUPATEN KEPULAUAN ARU,8105,30000,20000,0,0,0
457,MALUKU,KABUPATEN SERAM BAGIAN BARAT,8106,30000,20000,0,0,0
458,MALUKU,KABUPATEN SERAM BAGIAN TIMUR,8107,30000,20000,0,0,0
459,MALUKU,KABUPATEN MALUKU BARAT DAYA,8108,30000,20000,0,0,0
460,MALUKU,KABUPATEN BURU SELATAN,8109,30000,20000,0,0,0
461,MALUKU,KOTA AMBON,8171,30000,20000,0,0,0
462,MALUKU,KOTA TUAL,8172,30000,20000,0,0,0
463,MALUKU UTARA,KABUPATEN HALMAHERA BARAT,8201,30000,20000,0,0,0
464,MALUKU UTARA,KABUPATEN HALMAHERA TENGAH,8202,30000,20000,0,0,0
465,MALUKU UTARA,KABUPATEN KEPULAUAN SULA,8203,30000,20000,0,0,0
466,MALUKU UTARA,KABUPATEN HALMAHERA SELATAN,8204,30000,20000,0,0,0
467,MALUKU UTARA,KABUPATEN HALMAHERA UTARA,8205,30000,20000,0,0,0
468,MALUKU UTARA,KABUPATEN HALMAHERA TIMUR,8206,30000,20000,0,0,0
469,MALUKU UTARA,KABUPATEN PULAU MOROTAI,8207,30000,20000,0,0,0
470,MALUKU UTARA,KABUPATEN PULAU TALIABU,8208,30000,20000,0,0,0
471,MALUKU UTARA,KOTA TERNATE,8271,30000,20000,0,0,0
472,MALUKU UTARA,KOTA TIDORE KEPULAUAN,8272,30000,20000,0,0,0
473,PAPUA BARAT,KABUPATEN FAKFAK,9101,30000,20000,0,0,0
474,PAPUA BARAT,KABUPATEN KAIMANA,9102,30000,20000,0,0,0
475,PAPUA BARAT,KABUPATEN TELUK WONDAMA,9103,30000,20000,0,0,0
476,PAPUA BARAT,KABUPATEN TELUK BINTUNI,9104,30000,20000,0,0,0
477,PAPUA BARAT,KABUPATEN MANOKWARI,9105,30000,20000,0,0,0
478,PAPUA BARAT,KABUPATEN SORONG SELATAN,9106,30000,20000,0,0,0
479,PAPUA BARAT,KABUPATEN SORONG,9107,30000,20000,0,0,0
480,PAPUA BARAT,KABUPATEN RAJA AMPAT,9108,30000,20000,0,0,0
481,PAPUA BARAT,KABUPATEN TAMBRAUW,9109,30000,20000,0,0,0
482,PAPUA BARAT,KABUPATEN MAYBRAT,9110,30000,20000,0,0,0
483,PAPUA BARAT,KABUPATEN MANOKWARI SELATAN,9111,30000,20000,0,0,0
484,PAPUA BARAT,KABUPATEN PEGUNUNGAN ARFAK,9112,30000,20000,0,0,0
485,PAPUA BARAT,KOTA SORONG,9171,30000,20000,0,0,0
486,PAPUA,KABUPATEN MERAUKE,9401,30000,20000,0,0,0
487,PAPUA,KABUPATEN JAYAWIJAYA,9402,30000,20000,0,0,0
488,PAPUA,KABUPATEN JAYAPURA,9403,30000,20000,0,0,0
489,PAPUA,KABUPATEN NABIRE,9404,30000,20000,0,0,0
490,PAPUA,KABUPATEN KEPULAUAN YAPEN,9408,30000,20000,0,0,0
491,PAPUA,KABUPATEN BIAK NUMFOR,9409,30000,20000,0,0,0
492,PAPUA,KABUPATEN PANIAI,9410,30000,20000,0,0,0
493,PAPUA,KABUPATEN PUNCAK JAYA,9411,30000,20000,0,0,0
494,PAPUA,KABUPATEN MIMIKA,9412,30000,20000,0,0,0
495,PAPUA,KABUPATEN BOVEN DIGOEL,9413,30000,20000,0,0,0
496,PAPUA,KABUPATEN MAPPI,9414,30000,20000,0,0,0
497,PAPUA,KABUPATEN ASMAT,9415,30000,20000,0,0,0
498,PAPUA,KABUPATEN YAHUKIMO,9416,30000,20000,0,0,0
499,PAPUA,KABUPATEN PEGUNUNGAN BINTANG,9417,30000,20000,0,0,0
500,PAPUA,KABUPATEN TOLIKARA,9418,30000,20000,0,0,0
501,PAPUA,KABUPATEN SARMI,9419,30000,20000,0,0,0
502,PAPUA,KABUPATEN KEEROM,9420,30000,20000,0,0,0
503,PAPUA,KABUPATEN WAROPEN,9426,30000,20000,0,0,0
504,PAPUA,KABUPATEN SUPIORI,9427,30000,20000,0,0,0
505,PAPUA,KABUPATEN MAMBERAMO RAYA,9428,30000,20000,0,0,0
506,PAPUA,KABUPATEN NDUGA,9429,30000,20000,0,0,0
507,PAPUA,KABUPATEN LANNY JAYA,9430,30000,20000,0,0,0
508,PAPUA,KABUPATEN MAMBERAMO TENGAH,9431,30000,20000,0,0,0
509,PAPUA,KABUPATEN YALIMO,9432,30000,20000,0,0,0
510,PAPUA,KABUPATEN PUNCAK,9433,30000,20000,0,0,0
511,PAPUA,KABUPATEN DOGIYAI,9434,30000,20000,0,0,0
512,PAPUA,KABUPATEN INTAN JAYA,9435,30000,20000,0,0,0
513,PAPUA,KABUPATEN DEIYAI,9436,30000,20000,0,0,0